Zoo,Dyr
Odense Zoo,Abdimstork
Odense Zoo,Afrikansk oksefrø
Odense Zoo,Alpaka
Odense Zoo,Arapaima
Odense Zoo,Bredsnudet kaiman
Odense Zoo,Chimpanse
Odense Zoo,Darwins nandu
Odense Zoo,Dovendyr
Odense Zoo,Dværgged
Odense Zoo,Dødningehovedabe
Odense Zoo,Elektrisk blå gekko
Odense Zoo,Farvefrø
Odense Zoo,Flamingo
Odense Zoo,Giraf
Odense Zoo,Grøn anakonda
Odense Zoo,Grøn basilisk
Odense Zoo,Grøn kølbuget firben
Odense Zoo,Grå kæmpekænguru
Odense Zoo,Gylden mantella
Odense Zoo,Gyldenhovedet løvetamarin
Odense Zoo,Hadada-ibis
Odense Zoo,Henkels bladhalegekko
Odense Zoo,Hvæsende kakerlak
Odense Zoo,Hyacintara
Odense Zoo,Inkaterne
Odense Zoo,Kamel
Odense Zoo,Kanin
Odense Zoo,Kapivar
Odense Zoo,Kattalemur
Odense Zoo,Kejserskorpion
Odense Zoo,Kinesisk muntjak
Odense Zoo,Kohejre
Odense Zoo,Koikarpe
Odense Zoo,Kongeboa
Odense Zoo,Kongepingvin
Odense Zoo,Kongepyton
Odense Zoo,Kornsnog
Odense Zoo,Kæmpeskildpadde
Odense Zoo,Kæmpetusindben
Odense Zoo,Læbekarpelaks
Odense Zoo,Løve
Odense Zoo,Minigris
Odense Zoo,Nathejre
Odense Zoo,Nøgenmasket hokko
Odense Zoo,Pacu
Odense Zoo,Pelikan
Odense Zoo,Pilrokke
Odense Zoo,Præriehund
Odense Zoo,Rensdyr
Odense Zoo,Rød ibis
Odense Zoo,Rød panda
Odense Zoo,Rødbenet seriema
Odense Zoo,Rødhalet malle
Odense Zoo,Rødskuldret and
Odense Zoo,Sabelantilope
Odense Zoo,Shetlandspony
Odense Zoo,Silver arowana
Odense Zoo,Sinaloa mælkesnog
Odense Zoo,Sitatunga
Odense Zoo,Skestork
Odense Zoo,Springpingvin
Odense Zoo,Storhovedet sugemalle
Odense Zoo,Struds
Odense Zoo,Stråleskildpadde
Odense Zoo,Svinehaleabe
Odense Zoo,Søko
Odense Zoo,Søløve
Odense Zoo,Tenrek
Odense Zoo,Tiger
Odense Zoo,Tigerspademalle
Odense Zoo,Trompeternæsehornsfugl
Odense Zoo,Zebra
Odense Zoo,Zebramangust
Odense Zoo,Æselpingvin
Randers Regnskov,Afrikansk Hvidbugetpindsvin
Randers Regnskov,Afrikansk Kæmpesnegl
Randers Regnskov,Afrikansk Kæmpetusindben
Randers Regnskov,Afrikansk Oksefrø
Randers Regnskov,Afrikansk Sporefrø
Randers Regnskov,Afrikansk Ørkenhugorm
Randers Regnskov,Agatudse
Randers Regnskov,Alligatorskildpadde
Randers Regnskov,Almindelig Dragefisk
Randers Regnskov,Amerikansk Alligator
Randers Regnskov,Arapaima
Randers Regnskov,Asiatisk Dværghjort
Randers Regnskov,Asiatisk Dværgodder
Randers Regnskov,Asiatisk Kæmpedamskildpadde
Randers Regnskov,Asiatisk Oksefrø
Randers Regnskov,Asiatisk Rottesnog
Randers Regnskov,Asiatisk Vævermyre
Randers Regnskov,Australsk Flodkrebs
Randers Regnskov,Bjerglori
Randers Regnskov,Bladskildpadde
Randers Regnskov,Bladskærermyre
Randers Regnskov,Blodnæbsvæver
Randers Regnskov,Blå Dykkerantilope
Randers Regnskov,Blå Morfo Sommerfugl
Randers Regnskov,Blågul Ara
Randers Regnskov,Bushmaster
Randers Regnskov,Børstesvin
Randers Regnskov,Ceylon Macropode
Randers Regnskov,Charlesbogerti Vorteøgle
Randers Regnskov,Colobusabe
Randers Regnskov,Cubakrokodille
Randers Regnskov,Diamant Klapperslange
Randers Regnskov,Dominikanerkardinal
Randers Regnskov,Dronningeaftrækkerfisk
Randers Regnskov,Dumerilvaran
Randers Regnskov,Dværgkaiman
Randers Regnskov,Dværgmangust
Randers Regnskov,Dværgodder 
Randers Regnskov,Dværgsilkeabe
Randers Regnskov,Dødningehovedkakerlak
Randers Regnskov,Egernfisk
Randers Regnskov,Elektrisk Ål
Randers Regnskov,Europæisk Los
Randers Regnskov,Falsk Vandkobra
Randers Regnskov,Fedthalemus
Randers Regnskov,Flagermuspapegøje
Randers Regnskov,Flodskildpadde
Randers Regnskov,Flyvende hund 
Randers Regnskov,Flyvepungegern
Randers Regnskov,Fugleedderkop
Randers Regnskov,Gambiansk Kæmperotte
Randers Regnskov,Ged
Randers Regnskov,Gløddanio
Randers Regnskov,Gris
Randers Regnskov,Grøn Anakonda
Randers Regnskov,Grøn Basilisk
Randers Regnskov,Grøn Leguan
Randers Regnskov,Grøn Træpyton
Randers Regnskov,Grøn Vandagame
Randers Regnskov,Grønnakket Fasandue
Randers Regnskov,Grå Muselemur
Randers Regnskov,Grårygget Trompeterfugl
Randers Regnskov,Gul Pilegiftfrø
Randers Regnskov,Gulbåndet pilegiftfrø 
Randers Regnskov,Gulplettet Klippegrævling
Randers Regnskov,Guppy
Randers Regnskov,Gyldenagouti
Randers Regnskov,Gyldenhovedet Løvetamarin
Randers Regnskov,Halsbåndnavlesvin
Randers Regnskov,Hammerhovedfugl
Randers Regnskov,Heliconius Sommerfugl
Randers Regnskov,Hellig Ibis
Randers Regnskov,Hest
Randers Regnskov,Hjelmvagtel
Randers Regnskov,Hulefårekylling
Randers Regnskov,Hulepindsvin 
Randers Regnskov,Humlebifisk
Randers Regnskov,Hvid Dansk Landkanin
Randers Regnskov,Hvidfodede Myrer
Randers Regnskov,Hvidhalet Hulepindsvin
Randers Regnskov,Hvidhovedet Brun Lemur
Randers Regnskov,Hvidhovedet Saki
Randers Regnskov,Hvidkindet Turako
Randers Regnskov,Hvidknæet fugleedderkop 
Randers Regnskov,Hvidlæbet Frø
Randers Regnskov,Hvidøret Silkeabe
Randers Regnskov,Hyæne
Randers Regnskov,Hættet Gibbon
Randers Regnskov,Indisk Fugleedderkop
Randers Regnskov,Indisk Glasmalle
Randers Regnskov,Indisk Kobra
Randers Regnskov,Indlandstaipan
Randers Regnskov,Inkaterne
Randers Regnskov,Jaguar
Randers Regnskov,Jærv
Randers Regnskov,Kalkungrib
Randers Regnskov,Karibisk søko 
Randers Regnskov,Kejserskorpion
Randers Regnskov,Kejsertamarin
Randers Regnskov,Kejsertetra
Randers Regnskov,Kenyansk Sandboa
Randers Regnskov,Klippepyton
Randers Regnskov,Klovnefisk
Randers Regnskov,Ko
Randers Regnskov,Komodovaran
Randers Regnskov,Kongegrib
Randers Regnskov,Kongekobra
Randers Regnskov,Kongepyton
Randers Regnskov,Krokodilleskink
Randers Regnskov,Kvasthalet Hulepindsvin
Randers Regnskov,Lavlandstapir
Randers Regnskov,Los
Randers Regnskov,Lungefisk
Randers Regnskov,Lyles Flyvende Hund
Randers Regnskov,Lys Spydnæseflagermus
Randers Regnskov,Lyserød Ara
Randers Regnskov,Malawiciklide
Randers Regnskov,Malaysisk Kæmpeskildpadde
Randers Regnskov,Margaykat
Randers Regnskov,Minigris
Randers Regnskov,Muræne
Randers Regnskov,Musefugl
Randers Regnskov,Mælkefrø
Randers Regnskov,Mørkerød ara 
Randers Regnskov,Natabe
Randers Regnskov,Nathejre
Randers Regnskov,Netpyton
Randers Regnskov,Nibåndet Bæltedyr
Randers Regnskov,Næsebjørn
Randers Regnskov,Nøgenmasket Hokko
Randers Regnskov,Nøgenrotte
Randers Regnskov,Pacu 
Randers Regnskov,Palmetyv
Randers Regnskov,Pansermalle
Randers Regnskov,Paryksilkeabe
Randers Regnskov,Pigget Skildpadde
Randers Regnskov,Plettet Hyæne
Randers Regnskov,Plettet Malle
Randers Regnskov,Plettet Pyton
Randers Regnskov,Plumplori
Randers Regnskov,Pragtbarbe
Randers Regnskov,Pragtegern
Randers Regnskov,Pristella
Randers Regnskov,Pygmæflyvepungegern
Randers Regnskov,Påfugleciklide
Randers Regnskov,Rød Junglehøne
Randers Regnskov,Rød Neon
Randers Regnskov,Rød Piratfisk
Randers Regnskov,Rødbuget Lemur
Randers Regnskov,Rødfodet Skovskildpadde
Randers Regnskov,Rødhalet Malle
Randers Regnskov,Rødhalset Jorddue
Randers Regnskov,Rødnæsefisk
Randers Regnskov,Rødøjet Løvfrø
Randers Regnskov,Scalare
Randers Regnskov,Sejlfinneagame
Randers Regnskov,Seksbåndet Bæltedyr
Randers Regnskov,Senegal Galago
Randers Regnskov,Skovhund
Randers Regnskov,Skyttefisk
Randers Regnskov,Slangehalsskildpadde
Randers Regnskov,Slangehovedfisk
Randers Regnskov,Smaragddue
Randers Regnskov,Snegleædende Snog
Randers Regnskov,Soldaterfisk
Randers Regnskov,Solriks
Randers Regnskov,Sort Bulbul
Randers Regnskov,Sort-Hvid Vari
Randers Regnskov,Sort Piratfisk
Randers Regnskov,Sorthalet Præriehund
Randers Regnskov,Sorthovedet Maskevæver
Randers Regnskov,Sortkappet Lori
Randers Regnskov,Sortpigget Tudse
Randers Regnskov,Sorttippet Revhaj
Randers Regnskov,Spadefisk
Randers Regnskov,Springtamarin
Randers Regnskov,Strålesnog
Randers Regnskov,Sugemalle
Randers Regnskov,Sumpmangust
Randers Regnskov,Sydafrikansk Springhare
Randers Regnskov,Sølv Arowana
Randers Regnskov,Tenrek
Randers Regnskov,Terrapinskildpadde
Randers Regnskov,Tigerpyton
Randers Regnskov,Tigerspademalle
Randers Regnskov,Tokaygekko
Randers Regnskov,Totået dovendyr 
Randers Regnskov,Træand
Randers Regnskov,Træhugorm
Randers Regnskov,Træspidsmus
Randers Regnskov,Tudsehovedskildpadde
Randers Regnskov,Tæppepyton
Randers Regnskov,Ugleøjesommerfugl
Randers Regnskov,Vandlevende Ormepadde
Randers Regnskov,Vandrende Rosengren
Randers Regnskov,Vestafrikansk Dværgged
Randers Regnskov,Vestindisk Søko
Randers Regnskov,Victoria Krondue
Randers Regnskov,Violetkindet Turako
Randers Regnskov,Waglers Tempelhugorm
Randers Regnskov,Yemenkamæleon
Randers Regnskov,Ægyptisk Flyvende Hund
Randers Regnskov,Æskeskildpadde
Randers Regnskov,Øksefisk
Randers Regnskov,Ørkenrotte
Randers Regnskov,Ålemalle
Randers Regnskov,Aardvark
Skærup Zoo,Abdimstork
Skærup Zoo,Afrikansk dværgged
Skærup Zoo,Amerikansk tårnfalk
Skærup Zoo,Asiatisk dværgodder
Skærup Zoo,Azaras agouti
Skærup Zoo,Bennetts Kænguru
Skærup Zoo,Brilleibis
Skærup Zoo,Broget vibe
Skærup Zoo,Brun kapuciner
Skærup Zoo,Bådnæbshejre
Skærup Zoo,Darma kænguru
Skærup Zoo,Darwins nandu
Skærup Zoo,Dværgfår (Ouessantfår)
Skærup Zoo,Dværgmara
Skærup Zoo,Dværgmus
Skærup Zoo,Dværgsilkeabe
Skærup Zoo,Eremitibis
Skærup Zoo,Fennek
Skærup Zoo,Fiskekat
Skærup Zoo,Geoffreys marmoset
Skærup Zoo,Guereza
Skærup Zoo,Guldtakin
Skærup Zoo,Gundi
Skærup Zoo,Gyldenhovedet løvetamarin
Skærup Zoo,Hvid ibis
Skærup Zoo,Hvid stork
Skærup Zoo,Hvidhovedet saki
Skærup Zoo,Hvidhåndet gibbon
Skærup Zoo,Hvidmasket hejre
Skærup Zoo,Hvidøret silkeabe
Skærup Zoo,Indisk stjerneskildpadde
Skærup Zoo,Jaguar
Skærup Zoo,Kapivar
Skærup Zoo,Kenyansk sandboa
Skærup Zoo,Kinesisk dværghamster
Skærup Zoo,Kinesisk dværgvagtel
Skærup Zoo,Kirk's dik dik
Skærup Zoo,Klippemarsvin
Skærup Zoo,Klyde
Skærup Zoo,Kohejre
Skærup Zoo,Krøltoppet perlehøne
Skærup Zoo,Kusimanse
Skærup Zoo,Lavlands anoa
Skærup Zoo,Leopardskildpadde
Skærup Zoo,Løvehale makak
Skærup Zoo,Muntjak
Skærup Zoo,Nathejre
Skærup Zoo,Nilgås
Skærup Zoo,Nøgenrotte
Skærup Zoo,Ozelot
Skærup Zoo,Pandekageskildpadde
Skærup Zoo,Parma kænguru
Skærup Zoo,Paryksilkeabe
Skærup Zoo,Prærieugle
Skærup Zoo,Punaibis
Skærup Zoo,Rio Fuerte vorteøgle
Skærup Zoo,Rævemangust
Skærup Zoo,Rød ibis
Skærup Zoo,Rødbuget tamarin
Skærup Zoo,Rødfodet skovskildpadde
Skærup Zoo,Rødlos
Skærup Zoo,Senegal galago
Skærup Zoo,Shetlandspony
Skærup Zoo,Silkehejre
Skærup Zoo,Skovhund
Skærup Zoo,Skovkænguru
Skærup Zoo,Skruehornsged
Skærup Zoo,Snehare
Skærup Zoo,Somali får
Skærup Zoo,Sort ibis
Skærup Zoo,Sort Nil pigmus
Skærup Zoo,Sortrygget Aguti
Skærup Zoo,Sortøret silkeabe
Skærup Zoo,Springtamarin
Skærup Zoo,Sri Lanka hueabe
Skærup Zoo,Steppe viscacha
Skærup Zoo,Sumpkænguru
Skærup Zoo,Sumpmarsvin
Skærup Zoo,Surikat
Skærup Zoo,Swinhoei's stribede egern
Skærup Zoo,Tamæsel
Skærup Zoo,Tofarvet Elefantspidsmus
Skærup Zoo,Trebåndet bæltedyr
Skærup Zoo,Trynesnog
Skærup Zoo,Undulat
Skærup Zoo,Vildmarsvin
Skærup Zoo,Vinterhvid dværghamster
Skærup Zoo,Visayas svin
Skærup Zoo,Zebramus
Skærup Zoo,Zoutpansberg bæltehaleøgle
Skærup Zoo,Æg spisende slange
Skærup Zoo,Østboliviansk gultandet marsvin
Københavns Zoo ,Kortnæbbet myrepindsvin 
Københavns Zoo ,Lille pungmår 
Københavns Zoo ,Tasmansk pungdjævel 
Københavns Zoo ,Tasmansk vombat 
Københavns Zoo ,Almindelig svævepossum 
Københavns Zoo ,Børstehalet rottekænguru 
Københavns Zoo ,Østlig langsnudet potoroo 
Københavns Zoo ,Tasmansk grå kæmpekænguru 
Københavns Zoo ,Gulfodet klippekænguru 
Københavns Zoo ,Lille børstesvin 
Københavns Zoo ,Asiatisk elefant 
Københavns Zoo ,Sydligt kuglebæltedyr 
Københavns Zoo ,Østligt totået dovendyr 
Københavns Zoo ,Stor myresluger 
Københavns Zoo ,Kattalemur 
Københavns Zoo ,Sort-hvid vari 
Københavns Zoo ,Sydlig galago 
Københavns Zoo ,Pygmæmarmoset 
Københavns Zoo ,Gylden løvetamarin 
Københavns Zoo ,Kejsertamarin 
Københavns Zoo ,Paryktamarin 
Københavns Zoo ,Sorthættet dødningehovedabe 
Københavns Zoo ,Hvidhovedet saki 
Københavns Zoo ,Nordlig dværgmarekat 
Københavns Zoo ,Kappebavian 
Københavns Zoo ,Hvidhåndet gibbon 
Københavns Zoo ,Chimpanse
Københavns Zoo ,Præriehund 
Københavns Zoo ,Husmus 
Københavns Zoo ,Tammarsvin 
Københavns Zoo ,Kapivar 
Københavns Zoo ,Tamkanin 
Københavns Zoo ,Ægyptisk flyvende hund 
Københavns Zoo ,Karakal 
Københavns Zoo ,Løve 
Københavns Zoo ,Amurleopard 
Københavns Zoo ,Amurtiger 
Københavns Zoo ,Zebramangust 
Københavns Zoo ,Surikat 
Københavns Zoo ,Stor panda 
Københavns Zoo ,Brunbjørn 
Københavns Zoo ,Isbjørn 
Københavns Zoo ,Californisk søløve 
Københavns Zoo ,Spættet sæl 
Københavns Zoo ,Asiatisk dværgodder 
Københavns Zoo ,Rød panda 
Københavns Zoo ,Tamhest 
Københavns Zoo ,Savannezebra 
Københavns Zoo ,Skaberaktapir 
Københavns Zoo ,Sydligt bredsnudet næsehorn 
Københavns Zoo ,Tamsvin 
Københavns Zoo ,Flodhest 
Københavns Zoo ,Baktrisk kamel 
Københavns Zoo ,Lama 
Københavns Zoo ,Vikunja 
Københavns Zoo ,Dværghjort 
Københavns Zoo ,Rensdyr 
Københavns Zoo ,Netgiraf 
Københavns Zoo ,Okapi 
Københavns Zoo ,Impala 
Københavns Zoo ,Blisbuk 
Københavns Zoo ,Tamkvæg 
Københavns Zoo ,Afrikansk dværgged 
Københavns Zoo ,Moskusokse 
Københavns Zoo ,Sydlig rød dykkerantilope 
Københavns Zoo ,Sabelantilope 
Københavns Zoo ,Masaistruds 
Københavns Zoo ,Toptinamou 
Københavns Zoo ,Lille nandu 
Københavns Zoo ,Perlehøne 
Københavns Zoo ,Hjelmvagtel 
Københavns Zoo ,Tamhøne 
Københavns Zoo ,Congopåfugl 
Københavns Zoo ,Hønsegås 
Københavns Zoo ,Sydamerikansk dværgand 
Københavns Zoo ,Afrikansk dværgand 
Københavns Zoo ,Australsk gravand 
Københavns Zoo ,Chilepibeand 
Københavns Zoo ,Cariberflamingo 
Københavns Zoo ,Rødbrystet krondue 
Københavns Zoo ,Australsk topdue 
Københavns Zoo ,Hvidnakket fasandue 
Københavns Zoo ,Australsk frømund 
Københavns Zoo ,Angolaturako 
Københavns Zoo ,Violturako 
Københavns Zoo ,Sort rørvagtel 
Københavns Zoo ,Humboldtpingvin 
Københavns Zoo ,Hvid stork 
Københavns Zoo ,Rød ibis 
Københavns Zoo ,Brilleibis 
Københavns Zoo ,Hammerhoved 
Københavns Zoo ,Sortnakket stylteløber 
Københavns Zoo ,Inkaterne 
Københavns Zoo ,Lomvie 
Københavns Zoo ,Lunde 
Københavns Zoo ,Afrikansk plettet hornugle 
Københavns Zoo ,Sneugle 
Københavns Zoo ,Brun musefugl 
Københavns Zoo ,Trompeternæsehornsfugl 
Københavns Zoo ,Abessinsk hornravn 
Københavns Zoo ,Hærfugl 
Københavns Zoo ,Lillabrystet ellekrage 
Københavns Zoo ,Latterfugl 
Københavns Zoo ,Kæmpetukan 
Københavns Zoo ,Pragtperleskægfugl 
Københavns Zoo ,Apolori 
Københavns Zoo ,Kea 
Københavns Zoo ,Grøn rosella 
Københavns Zoo ,Svaleparakit 
Københavns Zoo ,Undulat 
Københavns Zoo ,Blåisset flagermuspapegøje 
Københavns Zoo ,Sortkindet dværgpapegøje 
Københavns Zoo ,Gråpapegøje 
Københavns Zoo ,Rødøret ara 
Københavns Zoo ,Rødhalet amazone 
Københavns Zoo ,Cubaamazone 
Københavns Zoo ,Rødhalet ravnekakadu 
Københavns Zoo ,Rosakakadu 
Københavns Zoo ,Nymfeparakit 
Københavns Zoo ,Pletkotinga 
Københavns Zoo ,Australsk fløjtefugl 
Københavns Zoo ,Grøn skade 
Københavns Zoo ,Rødøret bulbul 
Københavns Zoo ,Hvidøret bulbul 
Københavns Zoo ,Indisk blåfugl 
Københavns Zoo ,Fløjlspandet skadedrossel 
Københavns Zoo ,Ametyststær 
Københavns Zoo ,Smaragdglansstær 
Københavns Zoo ,Trefarvet glansstær 
Københavns Zoo ,Balistær 
Københavns Zoo ,Hvidgumpet shama 
Københavns Zoo ,Kapvæver 
Københavns Zoo ,Sortnakket væver 
Københavns Zoo ,Risfugl 
Københavns Zoo ,Dominikanerkardinal 
Københavns Zoo ,Jakarinifinke 
Københavns Zoo ,Purpurtangar 
Københavns Zoo ,Cubafinke 
Københavns Zoo ,Europæisk sumpskildpadde 
Københavns Zoo ,Stråleskildpadde 
Københavns Zoo ,Rødfodet skovskildpadde 
Københavns Zoo ,Leopardskildpadde 
Københavns Zoo ,Russisk landskildpadde 
Københavns Zoo ,Sydøstasiatisk æskeskildpadde 
Københavns Zoo ,Gulrandet æskeskildpadde 
Københavns Zoo ,Ny Guinea blødskildpadde 
Københavns Zoo ,Roti slangehalsskildpadde 
Københavns Zoo ,Skægagame 
Københavns Zoo ,Panterkamæleon 
Københavns Zoo ,Østlig båndet fijileguan 
Københavns Zoo ,Grøn leguan 
Københavns Zoo ,Stor Madagaskardaggekko 
Københavns Zoo ,Leopardgekko 
Københavns Zoo ,Snegleskink 
Københavns Zoo ,Guiana kaimanøgle 
Københavns Zoo ,Broget varan 
Københavns Zoo ,Kongepyton 
Københavns Zoo ,Grøn træboa 
Københavns Zoo ,Grøn anakonda 
Københavns Zoo ,Jamaicaboa 
Københavns Zoo ,Russisk rottesnog 
Københavns Zoo ,Sort mexicansk kongesnog 
Københavns Zoo ,Sinaloa kongesnog 
Københavns Zoo ,Brun hussnog 
Københavns Zoo ,Vestafrikansk krokodille 
Københavns Zoo ,Grønbroget tudse 
Københavns Zoo ,Asiatisk tudse 
Københavns Zoo ,Strandtudse 
Københavns Zoo ,Grøn giftfrø 
Københavns Zoo ,Gulbåndet giftfrø 
Københavns Zoo ,Blå giftfrø 
Københavns Zoo ,Gylden giftfrø 
Københavns Zoo ,Stribet giftfrø 
Københavns Zoo ,Klokkefrø 
Københavns Zoo ,Europæisk løvfrø 
Københavns Zoo ,Tomatfrø 
Københavns Zoo ,Grøn frø 
Københavns Zoo ,Rødøjet løvfrø 
Københavns Zoo ,Lemur løvfrø 
Københavns Zoo ,Skægmalle 
Københavns Zoo ,Boesemans regnbuefisk 
Københavns Zoo ,Kardinaltandkarpe 
Københavns Zoo ,Tigerlimia 
Københavns Zoo ,Guppy 
Københavns Zoo ,Congosnegl 
Københavns Zoo ,Kejserskorpion 
Københavns Zoo ,Piskeskorpion (Damon diadema)
Københavns Zoo ,Piskeskorpion (Damon medius)
Københavns Zoo ,Mexicansk rødbenet tarantel 
Københavns Zoo ,Orangebenet tarantel 
Københavns Zoo ,Rød chile-fugleedderkop 
Københavns Zoo ,Lakserød tarantel 
Københavns Zoo ,Safir tigeredderkop 
Københavns Zoo ,Rødbenet nephila 
Københavns Zoo ,Landeremitkrebs 
Københavns Zoo ,Hvæsende kakerlak 
Københavns Zoo ,Dødningehovedkakerlak 
Københavns Zoo ,Asiatisk kæmpeknæler 
Københavns Zoo ,Afrikansk hvidstribet knæler 
Københavns Zoo ,Hulefårekylling 
Københavns Zoo ,Junglenymphe 
Københavns Zoo ,Peruviansk vandrende pind 
Københavns Zoo ,Indisk vandrende pind 
Københavns Zoo ,Vandrende rosengren 
Københavns Zoo ,Herkulesbille 
Københavns Zoo ,Afrikansk blomsterbille 
Københavns Zoo ,Eremitbille 
Københavns Zoo ,Rosenbille 
Københavns Zoo ,Grøn pragttorbist 
Københavns Zoo ,Sort pragttorbist 
Københavns Zoo ,Zophobasbille 
Københavns Zoo ,Kæmpesvalehale 
Københavns Zoo ,Glasvinge 
Københavns Zoo ,Almindelig monark 
Københavns Zoo ,Gulbåndet ugleøje 
Københavns Zoo ,Blåbåndet ugleøje 
Københavns Zoo ,Uglesommerfugl 
Københavns Zoo ,Stor kejsermorfo 
Københavns Zoo ,Sølvplettet amazone 
Københavns Zoo ,Zebraamazone 
Københavns Zoo ,Dorisamazone 
Københavns Zoo ,Lille postbudamazone 
Københavns Zoo ,Gylden amazone 
Københavns Zoo ,Hewitsons amazone 
Københavns Zoo ,Tigeramazone 
Københavns Zoo ,Postbudamazone 
Københavns Zoo ,Langvinget blå amazone 
Københavns Zoo ,Bladskærermyre 
Københavns Zoo ,Kæmpetusindben 
Krokodillezoo,Amerikansk Alligator
Krokodillezoo,Kinesisk Alligator
Krokodillezoo,Brillekaiman
Krokodillezoo,Bredsnudet Kaiman
Krokodillezoo,Yacarekaiman
Krokodillezoo,Amerikansk Krokodille
Krokodillezoo,Panserkrokodille
Krokodillezoo,Orinocokrokodille
Krokodillezoo,Ferskvandskrokodille
Krokodillezoo,Filippinsk Krokodille
Krokodillezoo,Bredsnudet Krokodille
Krokodillezoo,Nilkrokodille
Krokodillezoo,Ny Guinea Krokodille
Krokodillezoo,Sumpkrokodille
Krokodillezoo,Saltvandskrokodille
Krokodillezoo,Cubakrokodille
Krokodillezoo,Siamesisk Krokodille
Krokodillezoo,Dværgkrokodille
Krokodillezoo,Dovendyr
Krokodillezoo,Gavial
Krokodillezoo,Sort Kaiman
Krokodillezoo,Cuviers Dværgkaiman
Krokodillezoo,Schneiders Kaiman
Krokodillezoo,Tomistoma
Krokodillezoo,Arrauenskildpadde
Krokodillezoo,Flodskildpadde
Krokodillezoo,Slangehalsskildpadde
Krokodillezoo,Sporeskildpadde
Krokodillezoo,Terecayskildpadde
Krokodillezoo,Tudsehovedskildpadde
Krokodillezoo,Grøn Leguan
Krokodillezoo,Krokodille Varan
Krokodillezoo,Grøn Anakonda
Krokodillezoo,Tigerpyton
Krokodillezoo,Koralfingerløvfrø
Krokodillezoo,Soldaterara
Krokodillezoo,Træleopard
Krokodillezoo,Bæltedyr
Krokodillezoo,Tayra
Krokodillezoo,Puma
Krokodillezoo,Paryktamarin
Pangea Sjælland,Surikat
Pangea Sjælland,Brun dværgkaiman
Pangea Sjælland,Vestafrikansk Dværgkrokodille
Pangea Sjælland,Mara
Pangea Sjælland,Amazone Træ Boa
Pangea Sjælland,Ræv
Pangea Sjælland,Gul Anaconda
Pangea Sjælland,Sort Ibis
Pangea Sjælland,Ged
Pangea Sjælland,Kookaburra Latterfugl
Pangea Sjælland,Aldabra Skildpadde
Pangea Sjælland,Nandu
Pangea Sjælland,Venezuela Amazone
Pangea Sjælland,Hvidøret silkeabe
Pangea Sjælland,Brasiliansk Fugleedderkop
Pangea Sjælland,Frømund
Pangea Sjælland,Argentinsk Sort Hvid Tegu
Pangea Sjælland,Sumpbæver
Pangea Sjælland,Ugle
Pangea Sjælland,Blågul Ara
Pangea Sjælland,Paw
Pangea Sjælland,Konge Boa
Pangea Sjælland,Blod pyton
Pangea Sjælland,Rødfodet Skovskildpadde
Pangea Sjælland,Rødhalet Grå Jaco
Pangea Sjælland,Benløs Øgle
Pangea Sjælland,Dobbelt Gulhoved Amazone
Pangea Sjælland,Mexicansk Rød Røv
Pangea Sjælland,Californisk Kongesnog
Pangea Sjælland,Latterfugl
Pangea Sjælland,Lyserød Ara
Pangea Sjælland,Virginia Hornugle
Pangea Sjælland,Blåtunget Skink
Pangea Sjælland,Boiga Mangrove Snog
Pangea Sjælland,Kongepyton
Pangea Sjælland,Afrikansk Sporeskildpadde
Pangea Sjælland,Wallaby
Pangea Sjælland,Mørkerød Ara
Pangea Sjælland,Skestork
Pangea Sjælland,Afrikansk Oksefrø
Pangea Sjælland,Kapivar
Pangea Sjælland,Kaphornugle
Pangea Sjælland,Rødøret Ara
Pangea Sjælland,Argentinsk Busksnog
Pangea Sjælland,Hyacintara
Pangea Sjælland,Cumingi Varan
Pangea Sjælland,Harris Høgh
Pangea Sjælland,Leopard Skildpadde
Pangea Sjælland,Gulkindet Amazone
Pangea Sjælland,Soldater Ara
Pangea Sjælland,Indisk Træ Edderkop
Pangea Falster,Afrikansk bjergged
Pangea Falster,Afrikansk Hulepindsvin
Pangea Falster,Amherst fasan
Pangea Falster,Angolaturako
Pangea Falster,Asiatisk Dværgodder
Pangea Falster,Australsk Frømund
Pangea Falster,Bennetts Kænguru
Pangea Falster,Bjerglori
Pangea Falster,Brun Kapuchienerabe
Pangea Falster,Congosnegl
Pangea Falster,Egyptisk flyvende hunde
Pangea Falster,Grøn Leguan
Pangea Falster,Hjelmvagtel
Pangea Falster,Humboldtpingvin
Pangea Falster,Hvidøret silkeabe
Pangea Falster,Kalkungrib
Pangea Falster,Kongepyton
Pangea Falster,Kæmpetusindben
Pangea Falster,Landlevende Eremitkrebs
Pangea Falster,Latterfugl
Pangea Falster,Lemur
Pangea Falster,Leopard gekko
Pangea Falster,Nandu
Pangea Falster,Patagonisk Mara
Pangea Falster,Påfugl
Pangea Falster,Rensdyr
Pangea Falster,Rosenhovedet dværgpapegøje
Pangea Falster,Rødfodet skovskildpadde
Pangea Falster,Serval
Pangea Falster,Shetlandspony
Pangea Falster,Sneugle
Pangea Falster,Sortkindet papegøje
Pangea Falster,Stenhøne
Pangea Falster,Surikat
Pangea Falster,Tokaygekko
Pangea Falster,Æsel
Aalborg Zoo,Afrikansk Dværgged
Aalborg Zoo,Asiatisk Dværgodder
Aalborg Zoo,Asiatisk Løve
Aalborg Zoo,Bjerglori
Aalborg Zoo,Boerged
Aalborg Zoo,Borneo Orangutang
Aalborg Zoo,Californisk Søløve
Aalborg Zoo,Cariberflamingo
Aalborg Zoo,Chileflamingo
Aalborg Zoo,Colombiansk Edderkopabe
Aalborg Zoo,Dværgflodhest
Aalborg Zoo,Dværgmangust
Aalborg Zoo,Europæisk Los
Aalborg Zoo,Goeldis Abe
Aalborg Zoo,Grevy Zebra
Aalborg Zoo,Gylden Løvetamarin
Aalborg Zoo,Humboldtpingvin
Aalborg Zoo,Hvidnæset Næsebjørn
Aalborg Zoo,Isbjørn
Aalborg Zoo,Kapivar
Aalborg Zoo,Kappebavian
Aalborg Zoo,Kattalemur
Aalborg Zoo,Kejsertamarin
Aalborg Zoo,Kudu
Aalborg Zoo,Lavlandstapir
Aalborg Zoo,Lille Nandu
Aalborg Zoo,Minigris
Aalborg Zoo,Østlig Grå Kæmpekænguru
Aalborg Zoo,Patagonisk Mara
Aalborg Zoo,Rensdyr
Aalborg Zoo,Rød Panda
Aalborg Zoo,Rothschildgiraf
Aalborg Zoo,Sabeloryx
Aalborg Zoo,Seksbåndet Bæltedyr
Aalborg Zoo,Smaragdvaran
Aalborg Zoo,Stor Hokko
Aalborg Zoo,Stor Myresluger
Aalborg Zoo,Struds
Aalborg Zoo,Sumatratiger
Aalborg Zoo,Sumpbæver
Aalborg Zoo,Surikat
Aalborg Zoo,Totået Dovendyr
Aalborg Zoo,Vortesvin
Nordisk Dyrepark,Bennetts Kænguru
Nordisk Dyrepark,Almindelig abe-øgle
Nordisk Dyrepark,Arabisk kamæleon
Nordisk Dyrepark,Yemenkamæleon
Nordisk Dyrepark,Sejl-kamæleon
Nordisk Dyrepark,Markfirben
Nordisk Dyrepark,Afrikansk Sporeskildpadde
Nordisk Dyrepark,Bredrandet landskildpadde
Nordisk Dyrepark,Græsk landskildpadde
Nordisk Dyrepark,Russisk landskildpadde
Nordisk Dyrepark,Tunesisk landskildpadde
Nordisk Dyrepark,Rødøret terrapin
Nordisk Dyrepark,Guløret terrapin
Nordisk Dyrepark,Stålorm
Nordisk Dyrepark,Skægagame
Nordisk Dyrepark,Kronegekko
Nordisk Dyrepark,Iransk fedthalegekko
Nordisk Dyrepark,Leopardgekko
Nordisk Dyrepark,Vestafrikansk fedthalegekko
Nordisk Dyrepark,Stor daggekko
Nordisk Dyrepark,Brun dværgkaiman
Nordisk Dyrepark,Kongepyton
Nordisk Dyrepark,Sinaloa mælkesnog
Nordisk Dyrepark,Vestlig trynesnog
Nordisk Dyrepark,Æskulapsnog
Nordisk Dyrepark,Pilegiftfrø “Mont La Fumée”
Nordisk Dyrepark,Pilegiftfrø ”santa isabel
Nordisk Dyrepark,Indisk vandrende pind
Nordisk Dyrepark,Vandrende pind
Nordisk Dyrepark,Vandrende blade
Nordisk Dyrepark,Vandrende rosengren
Nordisk Dyrepark,Stor hvæsende kakerlak
Nordisk Dyrepark,Halloween hvæsende kakerlak
Nordisk Dyrepark,Lille hvæsende kakerlak
Nordisk Dyrepark,Brasiliansk lakserød fugleederkop
Nordisk Dyrepark,Indisk prydtræ-fugleedderkop
Nordisk Dyrepark,Vinbjergsnegle
Nordisk Dyrepark,Afrikansk Congosnegl
Nordisk Dyrepark,Plettet hornugle
Nordisk Dyrepark,Blå påfugl
Nordisk Dyrepark,Hvid påfugl
Nordisk Dyrepark,Hvid kalkun
Nordisk Dyrepark,Perlehøne
Nordisk Dyrepark,Blå snegås
Nordisk Dyrepark,Bramgås
Nordisk Dyrepark,Hawaiigås
Nordisk Dyrepark,Svanegås
Nordisk Dyrepark,Knopsvane
Nordisk Dyrepark,Australsk Kongeparakit
Nordisk Dyrepark,Blågul Ara
Nordisk Dyrepark,Gulkindet amazone
Nordisk Dyrepark,Blåpandet amazone
Nordisk Dyrepark,Munkeparakit
Nordisk Dyrepark,Patagonisk klippeparakit
Nordisk Dyrepark,Regnbuelori
Nordisk Dyrepark,Rosellaparakit
Nordisk Dyrepark,Rosenhovedet dværgpapegøje
Nordisk Dyrepark,Rødhovedet dværgpapegøje
Nordisk Dyrepark,Rødvinget parakit
Nordisk Dyrepark,Sangparakit
Nordisk Dyrepark,Sorthovedet dværgpapegøje
Nordisk Dyrepark,Indisk løbeand
Nordisk Dyrepark,Mignon-and
Nordisk Dyrepark,Moskus-and
Nordisk Dyrepark,Rouen-and
Nordisk Dyrepark,Sachsen-and
Nordisk Dyrepark,Bohuslän-Dals sorthøns
Nordisk Dyrepark,"Brahma (sort, grå og hvid/grå)"
Nordisk Dyrepark,Dværg Nøgenhals
Nordisk Dyrepark,Hamborger
Nordisk Dyrepark,Russisk pavlov
Nordisk Dyrepark,Stor paduaner
Nordisk Dyrepark,Stor silkehøner (hvide)
Nordisk Dyrepark,Toppet hollænder
Nordisk Dyrepark,Otus scops
Nordisk Dyrepark,Ptilopsis leucotis
Nordisk Dyrepark,Eclectus roratus
Nordisk Dyrepark,Strix rufipes
Nordisk Dyrepark,Almindelig Degu
Nordisk Dyrepark,Mara
Nordisk Dyrepark,Grøn aguti
Nordisk Dyrepark,Bæverrotte / Sumpbæver
Nordisk Dyrepark,Tamkanin
Nordisk Dyrepark,Rævemangust
Nordisk Dyrepark,Surikat
Nordisk Dyrepark,Sølvræv ”sort alm. ræv”
Nordisk Dyrepark,Lykoi kat “varulve kat”
Ree Park,Æsel
Ree Park,Afrikansk Vildhund
Ree Park,Defassa Vandbuk
Ree Park,Gepard
Ree Park,Grå Jaco
Ree Park,Hadada-ibis
Ree Park,Kirk’s Dik Dik
Ree Park,Løve
Ree Park,Nonnetræand
Ree Park,Nubisk Ged
Ree Park,Østafrikansk Krontrane
Ree Park,Perlehøne
Ree Park,Sandkat
Ree Park,Sort Næsehorn
Ree Park,Sydlig Hornravn
Ree Park,Zebramangust
Ree Park,Alpaka
Ree Park,Colombiansk Edderkopabe
Ree Park,Dødningehovedabe
Ree Park,Rødhåndet Tamarin
Ree Park,Vikunja
Ree Park,Amerikansk Bison
Ree Park,Amerikansk Sortbjørn
Ree Park,Arktisk Ulv
Ree Park,Europæisk Elg
Ree Park,Sorthalet Præriehund
Ree Park,Asiatisk Dværgodder
Ree Park,Baktrisk Kamel
Ree Park,Fiskekat
Ree Park,Onager
Ree Park,Påfugl
Dyrehaven Engholm,Alpaka
Dyrehaven Engholm,Æsel
Dyrehaven Engholm,Dværgged
Dyrehaven Engholm,Dådyr
Dyrehaven Engholm,Hest
Dyrehaven Engholm,Kalv
Dyrehaven Engholm,Californisk Kanin
Dyrehaven Engholm,Marsvin
Dyrehaven Engholm,Mus
Dyrehaven Engholm,Bi
Dyrehaven Engholm,Congosnegl 
Dyrehaven Engholm,Rød Kornsnog
Dyrehaven Engholm,Vandrende Pind
Givskud Zoo,Alpaka
Givskud Zoo,Amerikansk bison
Givskud Zoo,Asiatisk dværgodder
Givskud Zoo,Baktrisk kamel
Givskud Zoo,Banteng
Givskud Zoo,Berberabe
Givskud Zoo,Binturong
Givskud Zoo,Blåpandet dværgara
Givskud Zoo,Blåstrubet ara
Givskud Zoo,Bongo
Givskud Zoo,Brillebjørn
Givskud Zoo,Brun edderkopabe
Givskud Zoo,Dværgflodhest
Givskud Zoo,Dværgzebu
Givskud Zoo,Eland-antilope
Givskud Zoo,Emu
Givskud Zoo,Gemsbok
Givskud Zoo,Guanako
Givskud Zoo,Hjorteantilope
Givskud Zoo,Humboldtpingvin
Givskud Zoo,Hvidhalet gnu
Givskud Zoo,Hvidhalet hjort
Givskud Zoo,Hvidnæset næsebjørn
Givskud Zoo,Hvidt næsehorn
Givskud Zoo,Kapivar
Givskud Zoo,Kattalemur
Givskud Zoo,Kronlemur
Givskud Zoo,Kæmpeodder
Givskud Zoo,Løve
Givskud Zoo,Manløs zebra
Givskud Zoo,Marsvin
Givskud Zoo,Nandu
Givskud Zoo,Nil-letje
Givskud Zoo,Nilgai
Givskud Zoo,Nordamerikansk ulv
Givskud Zoo,Ouessantfår
Givskud Zoo,Przewalskihest
Givskud Zoo,Rothschildgiraf
Givskud Zoo,Savannebøffel
Givskud Zoo,Soldaterara
Givskud Zoo,Sort hesteantilope
Givskud Zoo,Struds
Givskud Zoo,Sulawesimakak
Givskud Zoo,Tamged
Givskud Zoo,Vestlig lavlandsgorilla
Givskud Zoo,Watussi-okse
Givskud Zoo,Yakokse
Givskud Zoo,Zebramangust
Knuthenborg Dyrepark,Tamæsel
Knuthenborg Dyrepark,Walliserged
Knuthenborg Dyrepark,Giraf
Knuthenborg Dyrepark,Hvidt næsehorn
Knuthenborg Dyrepark,Struds
Knuthenborg Dyrepark,Sabelantilope
Knuthenborg Dyrepark,Eland-antilope
Knuthenborg Dyrepark,Blå Gnu
Knuthenborg Dyrepark,Afrikansk Dværgged
Knuthenborg Dyrepark,Pére Davids Hjort
Knuthenborg Dyrepark,Arktisk Ulv
Knuthenborg Dyrepark,Bison
Knuthenborg Dyrepark,Brunhalset kænguru
Knuthenborg Dyrepark,Emu
Knuthenborg Dyrepark,Afrikansk Elefant
Knuthenborg Dyrepark,Zebra
Knuthenborg Dyrepark,Kappebavian
Knuthenborg Dyrepark,Kattalemur
Knuthenborg Dyrepark,Afrikansk Løve
Knuthenborg Dyrepark,Sibirisk Tiger
Knuthenborg Dyrepark,Baktrisk kamel
Knuthenborg Dyrepark,Vandbøffel
Knuthenborg Dyrepark,Dådyr
Knuthenborg Dyrepark,Axis Hjort
Knuthenborg Dyrepark,Sikahjort
Knuthenborg Dyrepark,Lama 
Knuthenborg Dyrepark,Shetlandspony
Glad Zoo Lintrup,Hvidhåndet gibbon
Glad Zoo Lintrup,Alpaka
Glad Zoo Lintrup,Kattalemur
Glad Zoo Lintrup,Kapivar
Glad Zoo Lintrup,Serval
Glad Zoo Lintrup,Rødhalset Kænguru
Glad Zoo Lintrup,Rødhåndet Tamarin
Glad Zoo Lintrup,Asiatisk Vildhund (Dhole)
Glad Zoo Lintrup,Næsebjørn
Glad Zoo Lintrup,Hjorteantilope
Glad Zoo Lintrup,Æsel
Glad Zoo Lintrup,Dværgged
Glad Zoo Lintrup,Surikat
Glad Zoo Lintrup,Stinkdyr
Glad Zoo Lintrup,Præriehund
Glad Zoo Lintrup,Hulepindsvin 
Glad Zoo Lintrup,Dådyr
Glad Zoo Lintrup,Patagonisk Mara
Glad Zoo Lintrup,Sumpbæver
Glad Zoo Lintrup,Tamkanin
Glad Zoo Lintrup,Tammarsvin 
Glad Zoo Lintrup,Kongeboa
Glad Zoo Lintrup,Kaiman
Glad Zoo Lintrup,Fugleedderkop
Glad Zoo Lintrup,Sporeskildpadde
Glad Zoo Lintrup,Sumpskildpadde
Glad Zoo Lintrup,Blågul Ara
Glad Zoo Lintrup,Hornugle
Glad Zoo Lintrup,Hvidtoppet Kakadue
Glad Zoo Lintrup,Rødtoppet Turako
Glad Zoo Lintrup,Emu
Glad Zoo Lintrup,Latterfugl
Glad Zoo Lintrup,Savannedrosselsanger
Glad Zoo Lintrup,Stor maskevæver
Glad Zoo Lintrup,Trefarvet glansstær 
Glad Zoo Lintrup,Prærieugle
Glad Zoo Lintrup,Karpe
Jylland Park Zoo,Kappebavian
Jylland Park Zoo,Husarabe
Jylland Park Zoo,Dødningehovedabe
Jylland Park Zoo,Varilemur
Jylland Park Zoo,Seksbåndet Bæltedyr
Jylland Park Zoo,Afrikansk Dværgged
Jylland Park Zoo,Dværgkaiman
Jylland Park Zoo,Giraf
Jylland Park Zoo,Humboldtpingvin
Jylland Park Zoo,Hvid Stork
Jylland Park Zoo,Karakal 
Jylland Park Zoo,Brunhalset kænguru
Jylland Park Zoo,Lama 
Jylland Park Zoo,Afrikansk Løve
Jylland Park Zoo,Asiatisk dværgodder
Jylland Park Zoo,Arapapegøje
Jylland Park Zoo,Amazonpapegøje
Jylland Park Zoo,Grå Jaco
Jylland Park Zoo,Kakadue
Jylland Park Zoo,Rødrygget Pelikan
Jylland Park Zoo,Præriehund
Jylland Park Zoo,Rensdyr
Jylland Park Zoo,Serval
Jylland Park Zoo,Græsk landskildpadde
Jylland Park Zoo,Russisk landskildpadde
Jylland Park Zoo,Leopardskildpadde
Jylland Park Zoo,Sporeskildpadde
Jylland Park Zoo,Struds
Jylland Park Zoo,Emu
Jylland Park Zoo,Sumpbæver
Jylland Park Zoo,Surikat
Jylland Park Zoo,Søbjørn
Jylland Park Zoo,Tapir
Jylland Park Zoo,Tigerpyton
Jylland Park Zoo,Watussi-okse
Jylland Park Zoo,Zebramangust
Terrariet Vissenbjerg,Kongekobra
Terrariet Vissenbjerg,Komodovaran
Terrariet Vissenbjerg,Afrikansk Sporeskildpadde
Terrariet Vissenbjerg,Filippinsk Krokodille
Terrariet Vissenbjerg,Anakonda
Terrariet Vissenbjerg,Netpyton
Terrariet Vissenbjerg,Roti-Slangehals-Skildpadde
Terrariet Vissenbjerg,Strandtudse
Terrariet Vissenbjerg,Europæisk Løvfrø
Terrariet Vissenbjerg,Mangrovesnog
Terrariet Vissenbjerg,Krokodilleøgle
Terrariet Vissenbjerg,Puffadder
Terrariet Vissenbjerg,Gulbåndet Pilegiftfrø
Terrariet Vissenbjerg,Rødfodet Skovskildpadde
Terrariet Vissenbjerg,Laksefarvet Fugleedderkop
Terrariet Vissenbjerg,Malaysisk Kæmpeskorpion
Terrariet Vissenbjerg,Madagaskar Træboa
Terrariet Vissenbjerg,Næsehornsleguan
Terrariet Vissenbjerg,Frynseskildpadde
Terrariet Vissenbjerg,Moskusskildpadde
Terrariet Vissenbjerg,Amerikansk Æskeskildpadde
Terrariet Vissenbjerg,Europæisk Sumpskildpadde
Terrariet Vissenbjerg,Stor Daggekko
Terrariet Vissenbjerg,Pragtløvfrø
Terrariet Vissenbjerg,Næsehornssnog
Terrariet Vissenbjerg,Tokaygekko
Terrariet Vissenbjerg,Stråleskildpadde
Terrariet Vissenbjerg,Vietnamesisk Bladskildpadde
Terrariet Vissenbjerg,Pandekage- Skildpadde
Terrariet Vissenbjerg,Vietnamesisk Æskeskildpadde
Terrariet Vissenbjerg,Kongepyton
Terrariet Vissenbjerg,Blå Farvefrø
Terrariet Vissenbjerg,Marokkansk Tornhaleagam
Terrariet Vissenbjerg,Fiji-Leguan
Terrariet Vissenbjerg,Vestlig Diamant- Klapperslange
Terrariet Vissenbjerg,Indlandstaipan
Terrariet Vissenbjerg,Gaboon Viper
Terrariet Vissenbjerg,Gila Øgle
Zoopark Sydsjælland,Bengalsk Tiger
Zoopark Sydsjælland,Krølhåret Fugleedderkop
Zoopark Sydsjælland,Tigerpyton
Zoopark Sydsjælland,Emu
Zoopark Sydsjælland,Dådyr
Zoopark Sydsjælland,Guldfasan
Zoopark Sydsjælland,Næsebjørn
Zoopark Sydsjælland,Alpaka
Zoopark Sydsjælland,Svensk Minigris
Zoopark Sydsjælland,Los
Zoopark Sydsjælland,Ouessantfår
Zoopark Sydsjælland,Kamel
Zoopark Sydsjælland,Brunhalset kænguru
Zoopark Sydsjælland,Afrikansk Dværgged
Zoopark Sydsjælland,Amerikansk Alligator
Munkholm Zoo,Kattalemur
Munkholm Zoo,Lama 
Munkholm Zoo,Asiatisk dværgodder
Munkholm Zoo,Ged
Munkholm Zoo,Fugleedderkop
Munkholm Zoo,Hængebugsvin
Munkholm Zoo,Kamel
Munkholm Zoo,Kænguru
Munkholm Zoo,Minifår
Munkholm Zoo,Los
Munkholm Zoo,Zebramangust
Munkholm Zoo,Agouti
Munkholm Zoo,Sumpbæver
Munkholm Zoo,Skildpadde
Munkholm Zoo,Vaskebjørn
Munkholm Zoo,Undulat
Munkholm Zoo,Surikat
Munkholm Zoo,Serval
Munkholm Zoo,Præriehund
Munkholm Zoo,Næsebjørn
Munkholm Zoo,Ko
Klokkerholm Dyrepark,Mus
Klokkerholm Dyrepark,Høne
Klokkerholm Dyrepark,Kat
Klokkerholm Dyrepark,Hest
Klokkerholm Dyrepark,Æsel
Klokkerholm Dyrepark,Egern
Klokkerholm Dyrepark,Fritte
Klokkerholm Dyrepark,Pony
Klokkerholm Dyrepark,Degu
Klokkerholm Dyrepark,Lama 
Klokkerholm Dyrepark,Marsvin
Klokkerholm Dyrepark,Påfugl
Klokkerholm Dyrepark,Kanin
Klokkerholm Dyrepark,Hamster
Klokkerholm Dyrepark,Aguti
Klokkerholm Dyrepark,Alpaka
Klokkerholm Dyrepark,Silkeabe
Klokkerholm Dyrepark,Minigris
Klokkerholm Dyrepark,Polarræv
Klokkerholm Dyrepark,Undulat
Klokkerholm Dyrepark,Chinchilla
Klokkerholm Dyrepark,Zebrafinke
Klokkerholm Dyrepark,Sumpbæver
Klokkerholm Dyrepark,Kænguru
Klokkerholm Dyrepark,Ouessantfår
Klokkerholm Dyrepark,Næsebjørn
Klokkerholm Dyrepark,Ørkenrotte
Klokkerholm Dyrepark,Skildpadde
Klokkerholm Dyrepark,Ged
Klokkerholm Dyrepark,Præriehund
Klokkerholm Dyrepark,Kanariefugl
Klokkerholm Dyrepark,Dværgpapegøje
Skandinavisk Dyrepark,Isbjørn
Skandinavisk Dyrepark,Europæisk Brunbjørn
Skandinavisk Dyrepark,Stellers Havørn
Skandinavisk Dyrepark,Ulv
Skandinavisk Dyrepark,Elg
Skandinavisk Dyrepark,Moskusokse 
Skandinavisk Dyrepark,Rødræv
Skandinavisk Dyrepark,Polarræv
Skandinavisk Dyrepark,Hugorm
Skandinavisk Dyrepark,Snog
Skandinavisk Dyrepark,Rensdyr
Skandinavisk Dyrepark,Krondyr
Skandinavisk Dyrepark,Vildsvin
Skandinavisk Dyrepark,Dådyr
Skandinavisk Dyrepark,Przewalskihest
Skandinavisk Dyrepark,Ilder
Skandinavisk Dyrepark,Sikahjort
Skandinavisk Dyrepark,Ged
Blåvand Zoo,Hvid Løve
Blåvand Zoo,Rød kæmpekænguru
Blåvand Zoo,Europæisk Bison
Blåvand Zoo,Serval
Blåvand Zoo,Bavian
Blåvand Zoo,Japansk Sneabe
Blåvand Zoo,Kæmpeskildpadde
Blåvand Zoo,Zebra
Blåvand Zoo,Kamel
Blåvand Zoo,Ged
Blåvand Zoo,Gris
Odsherred Zoo,Kapucinerabe
Odsherred Zoo,Ræv
Odsherred Zoo,Kamel
Odsherred Zoo,Lama 
Odsherred Zoo,Kænguru
Odsherred Zoo,Papegøje
Odsherred Zoo,Snohalebjørn
Odsherred Zoo,Rød varie-lemur
Odsherred Zoo,Mamoset
Odsherred Zoo,Tamarin
Odsherred Zoo,Fugleedderkop
Nordsøakvariet Vorupør,Torsk
Nordsøakvariet Vorupør,Rødspætte
Nordsøakvariet Vorupør,Ål 
Nordsøakvariet Vorupør,Tunge
Nordsøakvariet Vorupør,Pighvar
Nordsøakvariet Vorupør,Haj
Kattegatcentret Grenå,Sandtigerhaj
Kattegatcentret Grenå,Nursehaj
Kattegatcentret Grenå,Sorttippet Revhaj
Kattegatcentret Grenå,Revlehaj
Kattegatcentret Grenå,Bambushaj
Kattegatcentret Grenå,Plettet Wobbegonghaj
Kattegatcentret Grenå,Æselpingvin
Kattegatcentret Grenå,Klovnefisk
Kattegatcentret Grenå,Kirurgfisk
Kattegatcentret Grenå,Mandarinfisk
Kattegatcentret Grenå,Konæserokke
Kattegatcentret Grenå,Kuffertfisk
Kattegatcentret Grenå,Dragefisk
Kattegatcentret Grenå,Elektrisk Ål
Kattegatcentret Grenå,Pindsvinefisk
Kattegatcentret Grenå,Stenfisk
Kattegatcentret Grenå,Makrel
Kattegatcentret Grenå,Torsk
Kattegatcentret Grenå,Hornfisk
Kattegatcentret Grenå,Pighvar
Kattegatcentret Grenå,Sej
Kattegatcentret Grenå,Pighaj
Kattegatcentret Grenå,Småplettet Rødhaj
Kattegatcentret Grenå,Storplettet Rødhaj
Kattegatcentret Grenå,Stjernehaj
Kattegatcentret Grenå,Belugastør
Kattegatcentret Grenå,Hundestejle
Kattegatcentret Grenå,Ål
Kattegatcentret Grenå,Søtunge
Kattegatcentret Grenå,Eremitkrebs
Kattegatcentret Grenå,Søstjerne
Kattegatcentret Grenå,Hummer
Kattegatcentret Grenå,Gråsæl
Nordsøen Oceanarium,Aftrækkerfisk
Nordsøen Oceanarium,Fjæsing
Nordsøen Oceanarium,Gråhaj
Nordsøen Oceanarium,Gråsæl
Nordsøen Oceanarium,Hornfisk
Nordsøen Oceanarium,Sild
Nordsøen Oceanarium,Stenbider
Nordsøen Oceanarium,Spættet sæl 
Nordsøen Oceanarium,Kortsnudet Søhest
Nordsøen Oceanarium,Øregople
Nordsøen Oceanarium,Hummer
Den Blå Planet,Aborre
Den Blå Planet,Achilles’ kirurgfisk
Den Blå Planet,Aflang Kirurgfisk
Den Blå Planet,Afrikansk Dværgkejserfisk
Den Blå Planet,Afrikansk dyndspringer
Den Blå Planet,Afrikansk Kæmpetusindben
Den Blå Planet,Akvamarin-gylte
Den Blå Planet,Alligatorpansergedde
Den Blå Planet,Alligatorskildpadde
Den Blå Planet,Alligatorsugemalle
Den Blå Planet,Almindelig Svømmekrabbe
Den Blå Planet,Almindelig tigerfisk
Den Blå Planet,Almindelig vinkeltetra
Den Blå Planet,Amazon-kuglefisk
Den Blå Planet,Amazon-kæmpetetra
Den Blå Planet,Amazon-sugemalle
Den Blå Planet,Andersons Salamander
Den Blå Planet,Antennesugemalle
Den Blå Planet,Anthonys pilegiftfrø
Den Blå Planet,Antilfinke
Den Blå Planet,Arapaima
Den Blå Planet,Argentinsk hornfrø
Den Blå Planet,Asiatisk Arowana
Den Blå Planet,Asiatisk Græsfrø
Den Blå Planet,Asiatisk Svævegekko
Den Blå Planet,Atlantisk tarpon
Den Blå Planet,Australsk ravfisk
Den Blå Planet,Axolotl
Den Blå Planet,Azurblå klippecichlide
Den Blå Planet,Bahia-dværgsugemalle
Den Blå Planet,Bala-hajbarbe
Den Blå Planet,Banggai-kardinalfisk
Den Blå Planet,Basilisk-sugemalle
Den Blå Planet,Belitung-rasbora
Den Blå Planet,Bemba saddelpletcichlide
Den Blå Planet,Bengalsk Snapper
Den Blå Planet,Berggylte
Den Blå Planet,Bladnæseflagermus
Den Blå Planet,Bleg kampfisk
Den Blå Planet,Blehers rødnæse
Den Blå Planet,Blind Hulefisk
Den Blå Planet,Blind Ormepadde
Den Blå Planet,Blodhalet danio
Den Blå Planet,Blodplettet kuglefisk
Den Blå Planet,Blødkoral
Den Blå Planet,Blå fantom-sugemalle
Den Blå Planet,blå gurami
Den Blå Planet,Blå kirurgfisk
Den Blå Planet,blå krebs
Den Blå Planet,blå kæmpereje
Den Blå Planet,Blå Regnbueelritse
Den Blå Planet,Blå søstjerne
Den Blå Planet,Blåbærtetra
Den Blå Planet,Blåbåndet snapper
Den Blå Planet,Blåfinnet paletcichlide
Den Blå Planet,Blåfinnet zebrasugemalle
Den Blå Planet,Blågrøn Chromis
Den Blå Planet,blågul koralsmutte
Den Blå Planet,Blåhoved-brillekejser
Den Blå Planet,Blåhovedet Papegøjeamandine
Den Blå Planet,Blåkindet fanefisk
Den Blå Planet,Blåmusling
Den Blå Planet,Blåpigget næsehornsfisk
Den Blå Planet,Blåplettet dyndspringer
Den Blå Planet,Blåplettet Guatemaletandkarpe
Den Blå Planet,Blårygget Congotetra
Den Blå Planet,Blåstak
Den Blå Planet,blåstribet kirurgfisk
Den Blå Planet,Blåøjet Eremitkreds
Den Blå Planet,Blåøjet kongesugemalle
Den Blå Planet,Blåøjet Tapajos-sugemalle
Den Blå Planet,Boesemans regnbuefisk 
Den Blå Planet,Boliviansk sommerfuglecichlide
Den Blå Planet,Bolsjegylte
Den Blå Planet,Bolsjesugemalle
Den Blå Planet,Borneo-algeæder
Den Blå Planet,Brabantcichlide
Den Blå Planet,Braknæset pompano
Den Blå Planet,Brasen
Den Blå Planet,Brasiliansk Dorado
Den Blå Planet,Brasiliansk Sommerfuglesugemalle
Den Blå Planet,Brauers klovnesugemalle
Den Blå Planet,Bredbåndet flodkutling
Den Blå Planet,Bredbåndet rød bundkigger
Den Blå Planet,bredhovedet paraguay-sugemalle
Den Blå Planet,Bredsnudet grenmalle
Den Blå Planet,Bredsnudet Lansefisk
Den Blå Planet,Brunbåndet bambushaj
Den Blå Planet,Brunbåndet kutling
Den Blå Planet,Brødkrummesvamp
Den Blå Planet,Buemundet guitarfisk
Den Blå Planet,Bølgestribet algetetra
Den Blå Planet,Båndet dyndspringer
Den Blå Planet,Båndet smutte
Den Blå Planet,Båndet snabelål
Den Blå Planet,Båndet spademalle
Den Blå Planet,Cameroun-elefantfisk
Den Blå Planet,caribisk landeremitkreds
Den Blå Planet,Celebes halvnæb
Den Blå Planet,Chipoka-cichlide
Den Blå Planet,Chokolade-jomfrufisk
Den Blå Planet,Chokoladekirurgfisk
Den Blå Planet,Citrontetra
Den Blå Planet,Columbiansk bundkarpelaks
Den Blå Planet,Columbiansk kamtetra
Den Blå Planet,columbiansk vildguppy
Den Blå Planet,Columbiansk Zebramalle
Den Blå Planet,Congo-bikir
Den Blå Planet,Congo-kuglefisk
Den Blå Planet,Congo-raspemalle
Den Blå Planet,Cubafinke 
Den Blå Planet,Cupido-cichlide
Den Blå Planet,Dannebrogsreje
Den Blå Planet,Dekoreret zebrasugemalle
Den Blå Planet,Delfin-mormyride
Den Blå Planet,Denisonbarbe
Den Blå Planet,diamantcichlide
Den Blå Planet,Dianas svinefisk
Den Blå Planet,Dobbeltlinjet monokelbrasen
Den Blå Planet,Dolkhale
Den Blå Planet,Dragefisk
Den Blå Planet,dværdblyantfisk
Den Blå Planet,Dværgfalkefisk
Den Blå Planet,Dværghvalfisk
Den Blå Planet,Dværgkuglefisk
Den Blå Planet,Dværgmakropode
Den Blå Planet,Dværgregnbuefisk
Den Blå Planet,Dværgsmerling
Den Blå Planet,Ecuador-cichlide
Den Blå Planet,Edderkoppesvamp
Den Blå Planet,Eibls dværgkejserfisk
Den Blå Planet,Eigenmanns grenmalle
Den Blå Planet,Epaulet-kirurgfisk
Den Blå Planet,Epaulethaj
Den Blå Planet,Eremitkrebs
Den Blå Planet,Europæisk Hummer
Den Blå Planet,Europæisk Ål
Den Blå Planet,Falsk Leopardgylte
Den Blå Planet,Farveskiftende sugemalle
Den Blå Planet,farvet languster
Den Blå Planet,Fe Fanebars
Den Blå Planet,fembåndet kirurgfisk
Den Blå Planet,fembåndet sergentfisk
Den Blå Planet,Femlinjet snapper
Den Blå Planet,Ferskvands-kardinalfisk
Den Blå Planet,Finprikket sugemalle
Den Blå Planet,Fiskespisende Søanemone
Den Blå Planet,Fjerpen-klippefisk
Den Blå Planet,Fladhovedet Venezuela-sugemalle
Den Blå Planet,fladorm
Den Blå Planet,Fladormespisende snegl
Den Blå Planet,Flagcichlide
Den Blå Planet,Flagermusfisk
Den Blå Planet,Flammekardinalfisk
Den Blå Planet,Flerpigget antennesugemalle
Den Blå Planet,Flyvende ræv
Den Blå Planet,Fløjlstunge
Den Blå Planet,Forgyldt spademalle
Den Blå Planet,Frederics mudderlaks
Den Blå Planet,Fregnet falkefisk
Den Blå Planet,Fuelleborns næbcichlide
Den Blå Planet,Gaffelhalet smerling
Den Blå Planet,Gaffelhalet sommerfuglesugemalle
Den Blå Planet,Galapagos-kejserfisk
Den Blå Planet,Gallaghers næsemalle
Den Blå Planet,Gedde
Den Blå Planet,gepardpiskerokke
Den Blå Planet,Glas-smørmalle
Den Blå Planet,Glasrosespisende nøgensnegl
Den Blå Planet,Glathaj
Den Blå Planet,Grants buepansermalle
Den Blå Planet,Grants mudderlaks
Den Blå Planet,Gribbemalle
Den Blå Planet,Grimet barbe
Den Blå Planet,Grovtrådet spademalle
Den Blå Planet,Grundling
Den Blå Planet,Grænse-anole
Den Blå Planet,Græs-filfisk
Den Blå Planet,Græskarpe
Den Blå Planet,Grøn basilisk
Den Blå Planet,Grøn Congotetra
Den Blå Planet,grøn dværgdanio
Den Blå Planet,Grøn dværgkrabbe
Den Blå Planet,Grøn fantomsugemalle
Den Blå Planet,Grøn frø 
Den Blå Planet,Grøn fuglefisk
Den Blå Planet,Grøn Grenmalle
Den Blå Planet,Grøn gylte
Den Blå Planet,Grøn kongesugemalle
Den Blå Planet,Grøn Muræne
Den Blå Planet,Grøn paletcichlide
Den Blå Planet,Grøn Søanemone
Den Blå Planet,Grøn Vandagame
Den Blå Planet,Grønplettet antennesugemalle
Den Blå Planet,Grønplettet mandarinfisk
Den Blå Planet,Grå muræne
Den Blå Planet,Guinea-bikir
Den Blå Planet,Gul cichlide
Den Blå Planet,Gul congotetra
Den Blå Planet,Gul dværgkejserfisk
Den Blå Planet,Gul Hestemakrel
Den Blå Planet,Gul kirurgfisk
Den Blå Planet,Gul klovnfisk
Den Blå Planet,Gul koralsmutte
Den Blå Planet,Gul Pilegiftfrø
Den Blå Planet,Gul pincetfisk
Den Blå Planet,Gul rejekutling
Den Blå Planet,Gul utaka-cichlide
Den Blå Planet,Gulbuet safirfisk
Den Blå Planet,Gulbuget flagcichlide
Den Blå Planet,Gulbæltet mudderlaks
Den Blå Planet,Gulbåndet gryntefisk
Den Blå Planet,Gulbåndet nålefisk
Den Blå Planet,Guld-sejlfinnesugemalle
Den Blå Planet,Guldbrasen
Den Blå Planet,Guldfisk
Den Blå Planet,Guldgekko
Den Blå Planet,Guldklump-sugemalle
Den Blå Planet,guldplettet slangehovedfisk
Den Blå Planet,guldringet kirurgfisk
Den Blå Planet,Guldøjelarver
Den Blå Planet,Guldøjet vandrende pind
Den Blå Planet,gulfinnet barombicichlide
Den Blå Planet,Gulfinnet glanstetra
Den Blå Planet,Gulfinnet Regnbueelritse
Den Blå Planet,Gulfinnet safirkilli
Den Blå Planet,gulhalet kejserfisk
Den Blå Planet,Gulhovedet fanefisk
Den Blå Planet,Gulhovedet heltecichlide
Den Blå Planet,Gullinieret pilekrabbe
Den Blå Planet,Gulplettet tornmalle
Den Blå Planet,Gulrandet sugemalle
Den Blå Planet,Gulrygget fanebars
Den Blå Planet,Gulrygget musketerfisk
Den Blå Planet,gulrygget rørlæbefisk
Den Blå Planet,Gulstribet gylte
Den Blå Planet,Gulstribet kutling
Den Blå Planet,Gulstribet næselaks
Den Blå Planet,Gulstribet pansermalle
Den Blå Planet,Gulstribet pilegiftfrø
Den Blå Planet,Gulygget rørlæbefisk
Den Blå Planet,Gylden aftrækkerfisk
Den Blå Planet,Gylden kæmpebarbe
Den Blå Planet,Gylden prydkarpelaks
Den Blå Planet,Gylden regnbuefisk
Den Blå Planet,Gylden splitfinne
Den Blå Planet,Gylden Størsugemalle
Den Blå Planet,Gællestribet flodcichlide
Den Blå Planet,Hajfinnetetra
Den Blå Planet,Haleplettet algebarbe
Den Blå Planet,Haleplettet dværgsugemalle
Den Blå Planet,haleplettet gylte
Den Blå Planet,Halestribet pansermalle
Den Blå Planet,Halestribet tandløs tetra
Den Blå Planet,Halvmåne-kejserfisk
Den Blå Planet,harlekinfisk
Den Blå Planet,Havbars
Den Blå Planet,Havkarusse
Den Blå Planet,Havkat
Den Blå Planet,Havørred
Den Blå Planet,Himmelblå pilegiftfrø
Den Blå Planet,Honda jordspiser
Den Blå Planet,Hork
Den Blå Planet,Hornet tilapia
Den Blå Planet,Huallaga antennesugemalle
Den Blå Planet,Hugofisk
Den Blå Planet,Hvidbåndet pudsereje
Den Blå Planet,Hvidhalet jomfrufisk
Den Blå Planet,Hvidhovedet kirurgfisk
Den Blå Planet,Hvidnæset Smerling
Den Blå Planet,Hvidplettet ventuarisugemalle
Den Blå Planet,Hvidstribet prinsesugemalle
Den Blå Planet,Hvidstrubet kirurgfisk
Den Blå Planet,Hvidstrålet kejserfisk
Den Blå Planet,Højfinnet cichlide
Den Blå Planet,Ikola Saddelpletcichlide
Den Blå Planet,Ild-dværgkejser
Den Blå Planet,Ildfinnet sugemalle
Den Blå Planet,ildhalekutling
Den Blå Planet,Ildryg-cichlide
Den Blå Planet,Indianerplaty
Den Blå Planet,Indigo-koralsmutte
Den Blå Planet,indisk babylonsnegl
Den Blå Planet,indisk cichlide
Den Blå Planet,Indisk fuglefisk
Den Blå Planet,Indisk sejlfinnekirurgfisk
Den Blå Planet,Indopacifisk hammerhaj
Den Blå Planet,Jaguar-tandkarpe
Den Blå Planet,Japan-kirurgfisk
Den Blå Planet,Jarbue
Den Blå Planet,Javanesisk konæserokke
Den Blå Planet,Jungleantennesugemalle
Den Blå Planet,Juvel-fanebars
Den Blå Planet,Kampango-malle
Den Blå Planet,Kamtetra
Den Blå Planet,Kamufleret kongesugemalle
Den Blå Planet,Kamæleonfisk
Den Blå Planet,Kamæleonøgle
Den Blå Planet,kanariegylte
Den Blå Planet,Kanarierødfisk
Den Blå Planet,kaninsnegl
Den Blå Planet,Kanonportfisk
Den Blå Planet,Kardinalreje
Den Blå Planet,Kardinaltandkarpe 
Den Blå Planet,Karpe
Den Blå Planet,Kartoffelbars
Den Blå Planet,Karusse
Den Blå Planet,kejserkirurgfisk
Den Blå Planet,Kejserkutling
Den Blå Planet,Kejsertetra
Den Blå Planet,Kilepletcichlide
Den Blå Planet,kinesisk stribehalsskildpadde
Den Blå Planet,Kleins fanefisk
Den Blå Planet,Klippe-skægmalle
Den Blå Planet,Klopletbarbe
Den Blå Planet,Klovnbarbe
Den Blå Planet,klovnfisk
Den Blå Planet,klovnkilli
Den Blå Planet,Klovnrasbora
Den Blå Planet,Knude
Den Blå Planet,Knurrende Gurami
Den Blå Planet,Kobberfarvet bundkigger
Den Blå Planet,Kobberfarvet kæmpebarbe
Den Blå Planet,Kobberklippefisk
Den Blå Planet,Kofisk
Den Blå Planet,Koikarpe
Den Blå Planet,Kolonianemone
Den Blå Planet,Konge-febars
Den Blå Planet,Konksnegl
Den Blå Planet,Koralfalkefisk
Den Blå Planet,Koralslangestjerne
Den Blå Planet,Koralsøstjerne
Den Blå Planet,Kribi-paletcichlide
Den Blå Planet,Kronegekko
Den Blå Planet,kuglesøpindsvin
Den Blå Planet,kulfinnegylte
Den Blå Planet,Kyssegurami
Den Blå Planet,Kæmpe læbekarpelaks
Den Blå Planet,Kæmpe-vampyrtetra
Den Blå Planet,Kæmpetornmalle
Den Blå Planet,Kæmpeålemalle
Den Blå Planet,Laks
Den Blå Planet,Langhalet prinsesugemalle
Den Blå Planet,Langnæset falkefisk
Den Blå Planet,langpigget søpindsvin
Den Blå Planet,Langsnudet fjerskægmalle
Den Blå Planet,Langsnudet næsehornsfisk
Den Blå Planet,Langsnudet søhest
Den Blå Planet,Laos-klæbemalle
Den Blå Planet,Laos-pigsmerling
Den Blå Planet,Leopardmuræne
Den Blå Planet,leopardpiskerokke
Den Blå Planet,Leopardsugemalle
Den Blå Planet,Leopolds flodpigrokke
Den Blå Planet,Lillastribet gylte
Den Blå Planet,Lille klippecichlide
Den Blå Planet,Lille Tangnål
Den Blå Planet,Limpet
Den Blå Planet,Lunde 
Den Blå Planet,Læbecichlide
Den Blå Planet,Løjtnant-kirurgfisk
Den Blå Planet,Malakit-tornleguan
Den Blå Planet,Malawi-fjerskægmalle
Den Blå Planet,Malawi-raspemalle
Den Blå Planet,Malawi-zebra
Den Blå Planet,Mandarinfisk
Den Blå Planet,Mandarinsugemalle
Den Blå Planet,Maranon-tornmalle
Den Blå Planet,Marmor pimelodidmalle
Den Blå Planet,Marmoreret bjergsugemalle
Den Blå Planet,Marmoreret kaninfisk
Den Blå Planet,Maya-sværddrager
Den Blå Planet,Melonbarbe
Den Blå Planet,Membran-skægmalle
Den Blå Planet,Menneske
Den Blå Planet,Meta-cichlide
Den Blå Planet,Metaltandkarpe
Den Blå Planet,Mexikansk molly
Den Blå Planet,Midas Slimfisk
Den Blå Planet,Mimicry-dværgsugemalle
Den Blå Planet,Morichal-tandkarpe
Den Blå Planet,morsefanefisk
Den Blå Planet,Mosaik-sugemalle
Den Blå Planet,Muzquiz-tandkarpe
Den Blå Planet,Myanmar-skyttefisk
Den Blå Planet,Myresluger-elefantfisk
Den Blå Planet,Møllestens-skivekarpelaks
Den Blå Planet,Mørk klovnfisk
Den Blå Planet,Mørk vingecichlide
Den Blå Planet,månefanefisk
Den Blå Planet,Måneplettet svinefisk
Den Blå Planet,neonblå jomfrufisk
Den Blå Planet,Netpansermalle
Den Blå Planet,Nicobardue
Den Blå Planet,Nilbikir
Den Blå Planet,Nilcichlide
Den Blå Planet,Niltetra
Den Blå Planet,Nordlig banjomalle
Den Blå Planet,Nordlig bjergsværddrager
Den Blå Planet,Nordlig Congotetra
Den Blå Planet,Nordlig havodder
Den Blå Planet,Ny Guinea flodskildpadde
Den Blå Planet,Nyereres viktoriacichlide
Den Blå Planet,Næse
Den Blå Planet,Nøglehuls-dvægkejserfisk
Den Blå Planet,Olieplettet mudderlaks
Den Blå Planet,Oman-klovnfisk
Den Blå Planet,Opalplettet sugemalle
Den Blå Planet,Orangegul sugemalle
Den Blå Planet,Orangehovedet jordspiser
Den Blå Planet,Orangekindet koglesugemalle
Den Blå Planet,Orangeplettet heltecichlide
Den Blå Planet,Orangeplettet kaninfisk
Den Blå Planet,Orangeplettet kirurgfisk
Den Blå Planet,Orangeplettet prinsesugemalle
Den Blå Planet,Orangeplettet sugemalle
Den Blå Planet,Orangerandet sugemalle
Den Blå Planet,Orangestiplet Sugemalle
Den Blå Planet,Oval fanefisk
Den Blå Planet,Paletkirurgfisk
Den Blå Planet,Panda-jomfrufisk
Den Blå Planet,Pandacichlide
Den Blå Planet,Pantanal-pansermalle
Den Blå Planet,Pantersugemalle
Den Blå Planet,Parana Koglesugemalle
Den Blå Planet,Pebermynterejse
Den Blå Planet,perlegurami
Den Blå Planet,Perlemorscichlide
Den Blå Planet,Perlesugemalle
Den Blå Planet,Peruviansk båndet strømmalle
Den Blå Planet,Peruviansk Kæmpesugemalle
Den Blå Planet,Peters Elefantfisk
Den Blå Planet,Peugeot-tetra
Den Blå Planet,Picassofisk
Den Blå Planet,Pighvar
Den Blå Planet,Pincetfisk
Den Blå Planet,Pindsvinefisk
Den Blå Planet,Pinocchio grenmalle
Den Blå Planet,Plettet Amazon-pansermalle
Den Blå Planet,Plettet bjergmudderlaks
Den Blå Planet,Plettet Bredstrålemalle
Den Blå Planet,Plettet grøn finnesuger
Den Blå Planet,Plettet koloniål
Den Blå Planet,Plettet kæmpe-fjerskægmalle
Den Blå Planet,Plettet Mudderlaks
Den Blå Planet,Plettet skivekarpelaks
Den Blå Planet,Plettet Spademalle
Den Blå Planet,Plettet talende malle
Den Blå Planet,Plettet Trådmalle
Den Blå Planet,Plettet Wobbegonghaj
Den Blå Planet,Porcelænssnegl
Den Blå Planet,Pragtbikir
Den Blå Planet,Pragtgumminæse
Den Blå Planet,Pragtkarpelaks
Den Blå Planet,Pragtsmerling
Den Blå Planet,Prinsen af Burundi
Den Blå Planet,Pudestjerne
Den Blå Planet,Pudsefisk
Den Blå Planet,Pukkelcichlide
Den Blå Planet,Pukkelpiratfisk
Den Blå Planet,Purpurbarbe
Den Blå Planet,Pyjamas-kardinalfisk
Den Blå Planet,Pyntet kejserfisk
Den Blå Planet,påfuglekejerfisk
Den Blå Planet,Påfugleøjecichlide
Den Blå Planet,Queensland-bars
Den Blå Planet,regnbuejomfrufisk
Den Blå Planet,regnbuelandkrabbe
Den Blå Planet,Regnbuetetra
Den Blå Planet,Revlehaj
Den Blå Planet,Ride
Den Blå Planet,Rimte
Den Blå Planet,Risfugl 
Den Blå Planet,Rosentetra
Den Blå Planet,Royal koralsmutte
Den Blå Planet,Ru Tornmalle
Den Blå Planet,Rubinbarbe
Den Blå Planet,rubinblyantfisk
Den Blå Planet,Rudskalle
Den Blå Planet,Rundhalet paradisfisk
Den Blå Planet,Rundnæset skivekarpelaks
Den Blå Planet,Runepansermalle
Den Blå Planet,Rusten klippecichlide
Den Blå Planet,Rævehoved
Den Blå Planet,Rød Congotetra
Den Blå Planet,Rød falkefisk
Den Blå Planet,Rød fantomtetra
Den Blå Planet,rød ferskvandsnålefisk
Den Blå Planet,Rød kamæleontetra
Den Blå Planet,Rød klippecichlide
Den Blå Planet,Rød Knopsøstjerne
Den Blå Planet,Rød Knurhane
Den Blå Planet,Rød neonfisk
Den Blå Planet,Rød Piratfisk
Den Blå Planet,Rød regnbuefisk
Den Blå Planet,Rød vampyrkrabbe
Den Blå Planet,Rødbenet Ride
Den Blå Planet,Rødbuget musketerfisk
Den Blå Planet,Rødfinnet Dværgsugemalle
Den Blå Planet,Rødfinnet gumminæsesugemalle
Den Blå Planet,Rødfinnet hajsugemalle
Den Blå Planet,Rødfinnet Kaktussugemalle
Den Blå Planet,Rødfinnet kæmpetetra
Den Blå Planet,Rødfinnet skivekarpelaks
Den Blå Planet,Rødfodet Skovskildpadde
Den Blå Planet,Rødhalet dværgcichlide
Den Blå Planet,Rødhalet glastetra
Den Blå Planet,Rødhalet hajbarbe
Den Blå Planet,Rødhalet malle
Den Blå Planet,Rødlæbet flodcichlide
Den Blå Planet,Rødnæb
Den Blå Planet,Rødplettet hajbarbe
Den Blå Planet,Rødplettet peru-skalare
Den Blå Planet,Rødplettet Tetra
Den Blå Planet,Rødrygget månetetra
Den Blå Planet,rødskællet barbe
Den Blå Planet,rødstribet kamæleonfisk
Den Blå Planet,Rødstribet sugemalle
Den Blå Planet,Rødstrubet cichlide
Den Blå Planet,Rødsømmet madagaskarcichlide
Den Blå Planet,Rødtandet aftrækkerfisk
Den Blå Planet,Rødøjet Krokodilleskink
Den Blå Planet,Røgfarvet kirurgfisk
Den Blå Planet,Saba-anole
Den Blå Planet,Sabajs sugemalle
Den Blå Planet,Saddelbikir
Den Blå Planet,Saddelcichlide
Den Blå Planet,Safir-jomfrufisk
Den Blå Planet,Safirkardinalfisk
Den Blå Planet,Saksehalet fjerskægmalle
Den Blå Planet,Saksetetra
Den Blå Planet,Sandart
Den Blå Planet,Sandsøstjerne
Den Blå Planet,Sanktpetersfisk
Den Blå Planet,Savgylte
Den Blå Planet,Sej
Den Blå Planet,Sejlfinnet leopardmalle
Den Blå Planet,Seksbåndet karpelaks
Den Blå Planet,Sekskantsgrenmalle
Den Blå Planet,Sekslinjet læbefisk
Den Blå Planet,Senegal-girafmalle
Den Blå Planet,Siamesisk algeæder
Den Blå Planet,Sildebenssugemalle
Den Blå Planet,Skakbrætcichlide
Den Blå Planet,Skalle
Den Blå Planet,Skarpsnudet Piratfisk
Den Blå Planet,Skrubtudse
Den Blå Planet,Skyttefisk
Den Blå Planet,Skægget Pansermalle
Den Blå Planet,Skør Slangestjerne
Den Blå Planet,slangehovedkampfisk
Den Blå Planet,Slangeskindsbarbe
Den Blå Planet,Slangeskindsgurami
Den Blå Planet,Slank Piratfisk
Den Blå Planet,Slørfinnet Madagaskarcichlide
Den Blå Planet,Smaragdkarpelaks
Den Blå Planet,Smuk gumminæsesugemalle
Den Blå Planet,Smykkemalle
Den Blå Planet,Småplettet fanefisk
Den Blå Planet,Småplettet kometbars
Den Blå Planet,Småplettet Rødhaj
Den Blå Planet,småskællet skyttefisk
Den Blå Planet,Snebold-sugemalle
Den Blå Planet,Sneppefisk
Den Blå Planet,Snesugemalle
Den Blå Planet,Sohal-kirurgfisk
Den Blå Planet,Solkoral
Den Blå Planet,Solskinssugemalle
Den Blå Planet,Sommerfuglecichla
Den Blå Planet,Sort Arowana
Den Blå Planet,Sort diamantcichlide
Den Blå Planet,Sort hajbarbe
Den Blå Planet,Sort jomfrufisk
Den Blå Planet,Sort kardinalfisk
Den Blå Planet,Sort majssnegl
Den Blå Planet,Sort Piratfisk
Den Blå Planet,Sort piskehalegrenmalle
Den Blå Planet,Sort savmalle
Den Blå Planet,sortagtig knivbladfisk
Den Blå Planet,Sortbroget kuglefisk
Den Blå Planet,Sortbuget rygsvømmermalle
Den Blå Planet,Sortbåndet musketerfisk
Den Blå Planet,Sortfinnet jomfrufisk
Den Blå Planet,Sortfinnet knivmalle
Den Blå Planet,sorthalet rosatetra
Den Blå Planet,Sortkappet Spademalle
Den Blå Planet,sortkindet guitarfisk
Den Blå Planet,Sortlinjet skivekarpelaks
Den Blå Planet,Sortplettet kuglefisk
Den Blå Planet,sortplettet pigrokke
Den Blå Planet,Sortplettet surinam-sugemalle
Den Blå Planet,Sortplettet surinam-tornmalle
Den Blå Planet,Sortstribet algetetra
Den Blå Planet,Sortstrubet cichlide
Den Blå Planet,Sorttippet Revhaj
Den Blå Planet,Spidshovedet dværgsugemalle
Den Blå Planet,spidshovedet tyklæbebarbe
Den Blå Planet,Spidsmundet skivekarpelaks
Den Blå Planet,Spidsnæset kæmpepansermalle
Den Blå Planet,Sporefrø
Den Blå Planet,Spættet Piratfisk
Den Blå Planet,spøgelsesknivfisk
Den Blå Planet,Spøgelsessugemalle
Den Blå Planet,Stenbider
Den Blå Planet,Stenfisk
Den Blå Planet,Stenkoral
Den Blå Planet,Stillehavstarpon
Den Blå Planet,Stillehavsøsters
Den Blå Planet,Stiplet klippecichlide
Den Blå Planet,Stjernehimmel-sugemalle
Den Blå Planet,Stor klippecichlide
Den Blå Planet,Stor Lanterneøjefisk
Den Blå Planet,Stor Tangnål
Den Blå Planet,stornæset næsehornsfisk
Den Blå Planet,Storplattet para-sugemalle
Den Blå Planet,Storplettet Rødhaj
Den Blå Planet,Storskællet næselaks
Den Blå Planet,Storskællet Tetra
Den Blå Planet,Strandkrabbe
Den Blå Planet,Stribet bikir
Den Blå Planet,Stribet bundkigger
Den Blå Planet,Stribet dværgsugemalle
Den Blå Planet,Stribet ferskvandskardinalfisk
Den Blå Planet,Stribet Fløjfisk
Den Blå Planet,Stribet Gekko
Den Blå Planet,Stribet giftfrø 
Den Blå Planet,Stribet grenmalle
Den Blå Planet,Stribet gurami
Den Blå Planet,Stribet indisk cichlide
Den Blå Planet,Stribet kirurgfisk
Den Blå Planet,stribet koralmalle
Den Blå Planet,Stribet pragtsugemalle
Den Blå Planet,Stribet Regnbuefisk
Den Blå Planet,stribet rytterfisk
Den Blå Planet,Stribet smerling
Den Blå Planet,Stør
Den Blå Planet,Størmalle
Den Blå Planet,Sulawesivandskink
Den Blå Planet,Sultan-sugemalle
Den Blå Planet,Surinam-mudderlaks
Den Blå Planet,Svanehalekejserfisk
Den Blå Planet,svens jordspiser
Den Blå Planet,Sydamerikansk lungefisk
Den Blå Planet,Sydlig blåøjet cichlide
Den Blå Planet,Sydlig Oscar-cichlide
Den Blå Planet,Sydlig slangemalle
Den Blå Planet,Sydøstasiatisk knivbladfisk
Den Blå Planet,Søanemone
Den Blå Planet,Sølvarowana
Den Blå Planet,Sølvkaninfisk
Den Blå Planet,Sølvpacu
Den Blå Planet,Sølvpiratfisk
Den Blå Planet,Sønellike
Den Blå Planet,Søpølse
Den Blå Planet,Søæble
Den Blå Planet,Taiwan-bitterling
Den Blå Planet,Taiwan-gatfinnebarbe
Den Blå Planet,Tallerkentetra
Den Blå Planet,Tambraparni-barbe
Den Blå Planet,Tanggrønling
Den Blå Planet,Tapajos-leopardsugemalle
Den Blå Planet,Tapajos-sølvdollar
Den Blå Planet,Taskekrabbe
Den Blå Planet,Tauopu
Den Blå Planet,Thorpes næsehornsfisk
Den Blå Planet,Tiger-heltecichlide
Den Blå Planet,Tiger-limia
Den Blå Planet,Tigerstribet mudderlaks
Den Blå Planet,Tigersugemalle
Den Blå Planet,tofarvet dværgkejser
Den Blå Planet,tofarvet pudsefisk
Den Blå Planet,Tofarvet slimfisk
Den Blå Planet,Tokaygekko
Den Blå Planet,topigget dværgkejserfisk
Den Blå Planet,Toplettet kirurgfisk
Den Blå Planet,Topstribet piratfisk
Den Blå Planet,tornet safirfisk
Den Blå Planet,Torsk
Den Blå Planet,Tostribet jomfrufisk
Den Blå Planet,Totået Dovendyr
Den Blå Planet,Trepigget Hundestejle
Den Blå Planet,Treplettet bundkigger
Den Blå Planet,treplettet læbefisk
Den Blå Planet,Trepunktet halvtandstetra
Den Blå Planet,Trestribet jomfrufisk
Den Blå Planet,Trewavas næbcichlide
Den Blå Planet,Tropisk pansergedde
Den Blå Planet,Trådfinnet fanebars
Den Blå Planet,Trådnæset muræne
Den Blå Planet,Tucanotetra
Den Blå Planet,Tunge
Den Blå Planet,turbansnegl
Den Blå Planet,tyklæbet Viktoria mundruger
Den Blå Planet,Uldlus-hveps
Den Blå Planet,Uldlusmariehøne
Den Blå Planet,Ulveål
Den Blå Planet,Uægte karetteskildpadde
Den Blå Planet,Venezuela-dragesugemalle
Den Blå Planet,Vestafrikansk lungefisk
Den Blå Planet,vestafrikansk mudderskildpadde
Den Blå Planet,Vestatlantisk søhest
Den Blå Planet,Victoria Krondue
Den Blå Planet,Vinkelspisende klippecichlide
Den Blå Planet,Violet ildhalekutling
Den Blå Planet,Violet koralsmutte
Den Blå Planet,Violetplettet koralhummer
Den Blå Planet,Violturako 
Den Blå Planet,Voksskjoldlus-hveps
Den Blå Planet,Vulkankarpefisk
Den Blå Planet,Winterbottoms bundkigger
Den Blå Planet,Xingú-kongesugemalle
Den Blå Planet,Zanclide
Den Blå Planet,Zebra-dværgcichlide
Den Blå Planet,Zebra-geddecichlide
Den Blå Planet,Zebrahaj
Den Blå Planet,Zebramuræne
Den Blå Planet,Zebrastribet kirurgfisk
Den Blå Planet,Ædelstens-kirurgfisk
Den Blå Planet,ægte kejserfisk
Den Blå Planet,Ækvator-heltecichlide
Den Blå Planet,Øjebuet Falkefisk
Den Blå Planet,Øjeplettet buskfisk
Den Blå Planet,Øjeplettet Congotetra
Den Blå Planet,Øjeplettet Flodpigrokke
Den Blå Planet,Øjeplettet fløjfisk
Den Blå Planet,Øjeplettet kampfisk
Den Blå Planet,Øjeplettet ørnerokke
Den Blå Planet,Øjestribet kirurgfisk
Den Blå Planet,Øreplettet kejserfisk
